{
  "Sample POST REST API" : {
    "transaction" : "Sample POST REST API",
    "sampleCount" : 100,
    "errorCount" : 0,
    "errorPct" : 0.0,
    "meanResTime" : 296.17,
    "medianResTime" : 218.0,
    "minResTime" : 204.0,
    "maxResTime" : 786.0,
    "pct1ResTime" : 583.400000000001,
    "pct2ResTime" : 603.95,
    "pct3ResTime" : 784.3299999999991,
    "throughput" : 69.7350069735007,
    "receivedKBytesPerSec" : 60.97863275801953,
    "sentKBytesPerSec" : 23.69900627615063
  },
  "Sample GET REST API" : {
    "transaction" : "Sample GET REST API",
    "sampleCount" : 100,
    "errorCount" : 0,
    "errorPct" : 0.0,
    "meanResTime" : 1137.3,
    "medianResTime" : 1226.5,
    "minResTime" : 254.0,
    "maxResTime" : 1475.0,
    "pct1ResTime" : 1467.9,
    "pct2ResTime" : 1471.0,
    "pct3ResTime" : 1475.0,
    "throughput" : 67.5219446320054,
    "receivedKBytesPerSec" : 750.8440243079,
    "sentKBytesPerSec" : 8.30836428089129
  },
  "Total" : {
    "transaction" : "Total",
    "sampleCount" : 300,
    "errorCount" : 100,
    "errorPct" : 33.333332,
    "meanResTime" : 912.9666666666669,
    "medianResTime" : 963.5,
    "minResTime" : 204.0,
    "maxResTime" : 1752.0,
    "pct1ResTime" : 1516.9000000000003,
    "pct2ResTime" : 1665.75,
    "pct3ResTime" : 1719.97,
    "throughput" : 88.65248226950355,
    "receivedKBytesPerSec" : 368.00880522310877,
    "sentKBytesPerSec" : 28.165632387706857
  },
  "Sample SOAP API" : {
    "transaction" : "Sample SOAP API",
    "sampleCount" : 100,
    "errorCount" : 100,
    "errorPct" : 100.0,
    "meanResTime" : 1305.4300000000007,
    "medianResTime" : 1307.5,
    "minResTime" : 789.0,
    "maxResTime" : 1752.0,
    "pct1ResTime" : 1687.0,
    "pct2ResTime" : 1713.8499999999997,
    "pct3ResTime" : 1751.96,
    "throughput" : 57.01254275940707,
    "receivedKBytesPerSec" : 26.16786630558723,
    "sentKBytesPerSec" : 27.9495082668187
  }
}